Movie_Id,WatchList_Id,User_Id
1,20,313
1,23,992
1,27,932
1,30,81
1,39,341
1,52,717
1,95,326
1,103,618
1,161,967
1,198,970
1,199,880
1,212,686
1,219,241
1,247,155
1,262,901
1,265,342
1,306,420
1,321,255
1,332,845
1,528,781
1,560,926
1,568,308
1,610,9
1,654,214
1,689,43
1,777,511
1,784,292
1,926,834
1,971,575
2,33,295
2,125,278
2,178,149
2,201,252
2,204,175
2,235,195
2,250,189
2,267,415
2,282,324
2,288,161
2,308,854
2,316,120
2,333,890
2,336,352
2,354,855
2,408,284
2,417,516
2,451,305
2,473,823
2,504,510
2,579,464
2,698,627
2,733,114
2,738,972
2,766,726
2,812,873
2,871,124
2,901,409
2,972,750
3,10,273
3,13,633
3,81,184
3,143,129
3,164,153
3,210,986
3,216,573
3,232,254
3,258,244
3,283,775
3,352,902
3,399,170
3,452,998
3,458,689
3,492,52
3,497,229
3,574,452
3,629,177
3,631,816
3,640,700
3,688,548
3,817,317
3,873,245
3,886,745
3,892,364
3,894,725
3,947,841
3,950,941
3,968,199
4,7,907
4,57,824
4,86,459
4,94,652
4,160,504
4,179,432
4,185,912
4,195,767
4,196,322
4,224,650
4,228,871
4,252,110
4,400,121
4,419,371
4,522,55
4,540,210
4,561,891
4,565,85
4,665,183
4,762,782
4,796,406
4,823,570
4,852,923
4,861,921
4,917,703
4,922,361
4,945,208
4,989,868
4,999,655
5,42,713
5,74,714
5,87,830
5,97,814
5,166,631
5,276,136
5,295,916
5,318,285
5,338,303
5,402,572
5,478,401
5,519,694
5,551,961
5,558,878
5,563,162
5,612,239
5,664,240
5,703,804
5,720,428
5,721,529
5,722,906
5,729,460
5,787,1
5,859,849
5,889,157
5,936,591
5,975,423
5,981,289
5,984,411
6,4,557
6,15,983
6,66,835
6,68,637
6,73,646
6,82,470
6,156,259
6,173,447
6,207,776
6,244,2
6,248,764
6,251,58
6,259,831
6,261,433
6,287,508
6,313,562
6,330,201
6,357,477
6,468,370
6,486,832
6,543,720
6,636,738
6,650,37
6,651,615
6,705,281
6,708,682
6,750,243
6,802,68
6,836,4
7,1,727
7,3,768
7,63,893
7,69,822
7,78,710
7,157,840
7,180,436
7,206,534
7,211,34
7,341,405
7,348,337
7,394,156
7,412,403
7,454,429
7,515,956
7,599,366
7,615,56
7,632,261
7,646,222
7,661,340
7,706,709
7,736,883
7,783,495
7,788,644
7,829,638
7,869,737
7,888,274
7,908,451
7,913,693
7,956,152
8,26,523
8,105,218
8,120,604
8,142,931
8,194,579
8,202,130
8,226,22
8,269,999
8,272,611
8,273,982
8,324,426
8,373,859
8,393,111
8,436,576
8,463,799
8,590,489
8,595,298
8,674,828
8,710,886
8,725,482
8,748,418
8,764,198
8,785,695
8,798,212
8,827,586
8,832,332
8,884,531
8,948,164
8,953,507
8,998,772
9,16,30
9,51,407
9,101,612
9,167,565
9,246,951
9,264,444
9,275,525
9,289,623
9,346,294
9,369,600
9,386,36
9,395,759
9,415,93
9,472,283
9,511,546
9,520,674
9,537,220
9,542,450
9,600,498
9,693,384
9,724,595
9,744,143
9,800,493
9,807,965
9,814,140
9,837,966
9,841,455
9,880,947
9,893,6
10,18,996
10,25,697
10,89,786
10,117,668
10,123,848
10,134,54
10,148,556
10,186,27
10,209,348
10,256,634
10,291,311
10,331,938
10,371,561
10,482,758
10,483,649
10,545,154
10,586,914
10,596,286
10,607,800
10,613,376
10,677,94
10,740,349
10,775,293
10,795,197
10,865,24
10,904,207
10,921,457
10,930,867
10,964,50
10,974,751
11,40,955
11,75,803
11,90,757
11,121,5
11,147,677
11,191,648
11,322,265
11,349,448
11,360,251
11,370,629
11,391,851
11,396,820
11,438,232
11,444,158
11,523,626
11,652,83
11,673,517
11,679,787
11,709,167
11,732,431
11,773,290
11,805,550
11,826,463
11,845,472
11,866,23
11,885,770
11,910,438
11,969,585
11,988,314
12,38,377
12,92,288
12,113,596
12,153,997
12,203,889
12,215,483
12,254,103
12,279,666
12,296,333
12,300,203
12,309,552
12,327,813
12,385,974
12,446,421
12,484,809
12,505,246
12,510,257
12,512,553
12,532,918
12,572,532
12,576,137
12,682,234
12,684,133
12,690,393
12,700,705
12,769,325
12,828,8
12,959,223
12,970,699
13,91,937
13,99,179
13,132,497
13,149,169
13,172,61
13,214,194
13,238,628
13,337,540
13,364,354
13,372,801
13,375,367
13,435,806
13,441,981
13,456,84
13,475,722
13,548,430
13,642,574
13,656,272
13,686,735
13,692,138
13,713,558
13,749,277
13,809,253
13,821,736
13,834,898
13,839,742
13,906,741
13,914,950
13,951,936
13,979,388
14,32,449
14,48,453
14,77,723
14,84,321
14,110,91
14,146,827
14,181,18
14,200,968
14,310,701
14,329,943
14,345,908
14,368,92
14,406,390
14,453,865
14,469,363
14,470,505
14,526,306
14,647,935
14,712,870
14,718,126
14,753,454
14,755,168
14,782,88
14,793,256
14,794,271
14,855,788
14,872,425
14,875,344
14,878,327
14,887,620
15,8,441
15,36,760
15,50,219
15,55,192
15,138,601
15,189,990
15,271,87
15,285,819
15,350,785
15,382,456
15,424,39
15,429,445
15,467,487
15,489,734
15,506,13
15,556,863
15,573,395
15,588,798
15,617,661
15,653,485
15,719,180
15,772,812
15,774,805
15,792,226
15,863,29
15,867,571
15,902,608
15,903,404
15,952,825
15,962,373
16,150,181
16,170,993
16,188,960
16,281,858
16,290,538
16,302,492
16,344,924
16,378,72
16,455,670
16,461,696
16,487,545
16,513,609
16,567,761
16,697,355
16,707,547
16,746,915
16,756,839
16,767,763
16,791,779
16,846,892
16,850,107
16,856,21
16,909,850
16,929,25
16,938,173
16,958,182
16,965,443
16,967,351
16,973,270
17,9,978
17,54,486
17,62,215
17,64,894
17,65,86
17,71,1000
17,122,357
17,130,512
17,137,843
17,140,739
17,303,762
17,390,568
17,411,603
17,449,49
17,450,642
17,462,330
17,491,578
17,524,647
17,539,537
17,577,318
17,587,19
17,593,480
17,778,258
17,801,141
17,835,414
17,870,543
17,882,524
17,915,989
17,941,41
18,37,31
18,72,476
18,98,216
18,126,698
18,133,522
18,136,488
18,152,247
18,236,882
18,266,769
18,274,864
18,323,12
18,361,606
18,377,659
18,403,724
18,421,437
18,430,535
18,434,396
18,465,494
18,476,387
18,502,40
18,557,379
18,622,953
18,701,747
18,715,474
18,739,846
18,797,857
18,810,690
18,924,362
18,928,590
18,994,749
19,2,818
19,14,469
19,21,815
19,70,217
19,83,533
19,108,897
19,135,276
19,182,382
19,190,15
19,213,119
19,294,439
19,362,580
19,422,77
19,428,708
19,479,67
19,544,442
19,559,584
19,644,122
19,714,946
19,735,645
19,758,202
19,897,335
19,919,671
19,920,315
19,931,112
19,940,139
19,949,852
19,955,76
19,986,704
19,991,888
20,5,206
20,60,673
20,111,144
20,114,952
20,141,394
20,162,75
20,165,807
20,176,70
20,183,811
20,297,188
20,304,462
20,311,632
20,404,817
20,414,190
20,549,69
20,566,614
20,575,7
20,616,266
20,675,51
20,696,95
20,702,490
20,737,397
20,763,205
20,816,46
20,830,872
20,881,57
20,896,588
20,939,582
20,990,810
21,29,542
21,58,733
21,112,105
21,169,664
21,184,200
21,187,500
21,197,410
21,260,853
21,328,518
21,334,446
21,335,837
21,343,589
21,379,515
21,384,142
21,427,702
21,437,744
21,443,536
21,481,913
21,503,527
21,514,715
21,621,598
21,624,774
21,626,345
21,633,754
21,638,732
21,655,905
21,670,316
21,734,82
21,811,346
21,819,509
22,46,792
22,47,334
22,88,802
22,107,63
22,159,635
22,175,211
22,222,605
22,231,643
22,239,319
22,257,566
22,284,506
22,380,991
22,387,328
22,392,221
22,418,748
22,420,719
22,442,47
22,488,424
22,531,163
22,611,519
22,628,784
22,637,461
22,641,101
22,685,78
22,704,267
22,825,842
22,946,300
22,987,676
22,993,625
23,109,667
23,174,465
23,193,963
23,208,502
23,220,777
23,253,731
23,263,791
23,293,789
23,312,14
23,326,836
23,342,660
23,363,900
23,381,151
23,388,32
23,389,496
23,410,356
23,499,630
23,517,681
23,527,104
23,547,416
23,619,530
23,643,861
23,657,930
23,678,62
23,687,730
23,752,236
23,806,473
23,890,422
23,932,794
24,28,684
24,85,662
24,124,59
24,128,988
24,163,499
24,192,280
24,229,707
24,270,593
24,325,297
24,339,402
24,366,773
24,440,577
24,445,957
24,582,622
24,606,385
24,645,975
24,648,808
24,747,563
24,754,479
24,759,740
24,786,434
24,789,934
24,799,911
24,813,796
24,815,551
24,831,658
24,840,204
24,848,64
24,966,718
25,106,928
25,115,481
25,154,555
25,277,3
25,299,657
25,317,117
25,319,624
25,367,109
25,376,581
25,398,235
25,405,228
25,464,933
25,466,178
25,474,778
25,495,881
25,507,160
25,521,613
25,536,866
25,546,17
25,618,213
25,639,678
25,671,756
25,676,10
25,727,514
25,770,592
25,822,135
25,843,389
25,874,336
25,935,669
25,982,688
26,31,185
26,56,876
26,67,166
26,76,99
26,102,685
26,218,310
26,237,478
26,242,994
26,307,115
26,416,132
26,447,412
26,457,980
26,509,721
26,525,925
26,541,665
26,552,238
26,589,134
26,603,150
26,609,945
26,620,172
26,659,343
26,695,359
26,728,755
26,768,468
26,776,484
26,780,587
26,860,26
26,868,879
26,957,869
26,1000,875
27,22,847
27,59,856
27,139,102
27,280,372
27,413,783
27,425,771
27,439,922
27,490,712
27,498,597
27,518,979
27,535,378
27,554,948
27,580,899
27,592,329
27,597,304
27,614,691
27,683,237
27,741,193
27,751,307
27,757,116
27,820,797
27,844,296
27,847,419
27,853,728
27,876,391
27,883,338
27,918,641
27,933,79
27,954,977
28,17,862
28,61,619
28,127,958
28,158,554
28,217,260
28,234,458
28,243,599
28,292,248
28,314,435
28,315,985
28,356,262
28,365,746
28,401,174
28,534,282
28,553,895
28,581,860
28,601,233
28,660,887
28,691,795
28,745,224
28,760,617
28,808,679
28,818,944
28,854,98
28,864,368
28,899,301
28,923,829
28,927,564
28,944,826
28,977,973
29,12,467
29,45,904
29,104,927
29,131,275
29,171,299
29,177,230
29,225,339
29,249,89
29,268,640
29,298,147
29,355,942
29,358,320
29,407,42
29,409,466
29,477,521
29,500,766
29,571,687
29,585,100
29,623,186
29,662,20
29,663,249
29,669,11
29,771,711
29,833,358
29,851,106
29,862,962
29,891,471
29,911,312
29,997,964
30,11,291
30,41,501
30,96,279
30,233,264
30,245,976
30,278,544
30,397,743
30,423,583
30,433,909
30,494,35
30,550,949
30,630,716
30,635,672
30,672,910
30,711,196
30,742,38
30,743,386
30,761,187
30,765,268
30,790,821
30,804,683
30,824,475
30,838,844
30,900,528
30,916,491
30,937,165
30,943,567
30,963,607
30,992,108
31,35,639
31,221,131
31,240,365
31,286,526
31,320,793
31,347,680
31,353,503
31,426,347
31,431,838
31,459,45
31,493,171
31,538,113
31,555,148
31,591,427
31,604,969
31,605,263
31,608,399
31,627,44
31,634,954
31,699,939
31,716,127
31,717,780
31,726,653
31,781,74
31,877,752
31,879,16
31,898,48
31,960,375
31,996,884
32,34,987
32,49,145
32,80,903
32,93,513
32,100,65
32,129,381
32,151,594
32,168,539
32,223,549
32,230,885
32,471,369
32,485,227
32,501,929
32,529,896
32,530,73
32,562,353
32,569,302
32,570,90
32,625,621
32,649,541
32,666,287
32,667,440
32,680,392
32,681,398
32,730,971
32,803,128
32,907,790
32,934,654
32,961,374
32,976,417
33,24,33
33,44,269
33,79,123
33,145,602
33,205,874
33,241,242
33,255,833
33,301,520
33,340,380
33,351,209
33,359,176
33,460,877
33,480,323
33,496,651
33,508,71
33,533,765
33,578,159
33,583,706
33,584,940
33,594,610
33,658,350
33,668,413
33,731,663
33,857,569
33,912,309
33,925,80
33,942,250
33,980,959
33,983,917
34,6,559
34,19,675
34,43,118
34,53,616
34,116,146
34,118,560
34,119,225
34,144,692
34,155,60
34,227,96
34,305,97
34,374,231
34,383,53
34,432,408
34,448,919
34,516,920
34,564,636
34,598,66
34,602,125
34,694,753
34,723,383
34,779,400
34,842,360
34,849,729
34,858,656
34,895,331
34,905,28
34,978,191
34,985,984
34,995,995
