WatchList_Id,User_Id
1,727
2,818
3,768
4,557
5,206
6,559
7,907
8,441
9,978
10,273
11,291
12,467
13,633
14,469
15,983
16,30
17,862
18,996
19,675
20,313
21,815
22,847
23,992
24,33
25,697
26,523
27,932
28,684
29,542
30,81
31,185
32,449
33,295
34,987
35,639
36,760
37,31
38,377
39,341
40,955
41,501
42,713
43,118
44,269
45,904
46,792
47,334
48,453
49,145
50,219
51,407
52,717
53,616
54,486
55,192
56,876
57,824
58,733
59,856
60,673
61,619
62,215
63,893
64,894
65,86
66,835
67,166
68,637
69,822
70,217
71,1000
72,476
73,646
74,714
75,803
76,99
77,723
78,710
79,123
80,903
81,184
82,470
83,533
84,321
85,662
86,459
87,830
88,802
89,786
90,757
91,937
92,288
93,513
94,652
95,326
96,279
97,814
98,216
99,179
100,65
101,612
102,685
103,618
104,927
105,218
106,928
107,63
108,897
109,667
110,91
111,144
112,105
113,596
114,952
115,481
116,146
117,668
118,560
119,225
120,604
121,5
122,357
123,848
124,59
125,278
126,698
127,958
128,988
129,381
130,512
131,275
132,497
133,522
134,54
135,276
136,488
137,843
138,601
139,102
140,739
141,394
142,931
143,129
144,692
145,602
146,827
147,677
148,556
149,169
150,181
151,594
152,247
153,997
154,555
155,60
156,259
157,840
158,554
159,635
160,504
161,967
162,75
163,499
164,153
165,807
166,631
167,565
168,539
169,664
170,993
171,299
172,61
173,447
174,465
175,211
176,70
177,230
178,149
179,432
180,436
181,18
182,382
183,811
184,200
185,912
186,27
187,500
188,960
189,990
190,15
191,648
192,280
193,963
194,579
195,767
196,322
197,410
198,970
199,880
200,968
201,252
202,130
203,889
204,175
205,874
206,534
207,776
208,502
209,348
210,986
211,34
212,686
213,119
214,194
215,483
216,573
217,260
218,310
219,241
220,777
221,131
222,605
223,549
224,650
225,339
226,22
227,96
228,871
229,707
230,885
231,643
232,254
233,264
234,458
235,195
236,882
237,478
238,628
239,319
240,365
241,242
242,994
243,599
244,2
245,976
246,951
247,155
248,764
249,89
250,189
251,58
252,110
253,731
254,103
255,833
256,634
257,566
258,244
259,831
260,853
261,433
262,901
263,791
264,444
265,342
266,769
267,415
268,640
269,999
270,593
271,87
272,611
273,982
274,864
275,525
276,136
277,3
278,544
279,666
280,372
281,858
282,324
283,775
284,506
285,819
286,526
287,508
288,161
289,623
290,538
291,311
292,248
293,789
294,439
295,916
296,333
297,188
298,147
299,657
300,203
301,520
302,492
303,762
304,462
305,97
306,420
307,115
308,854
309,552
310,701
311,632
312,14
313,562
314,435
315,985
316,120
317,117
318,285
319,624
320,793
321,255
322,265
323,12
324,426
325,297
326,836
327,813
328,518
329,943
330,201
331,938
332,845
333,890
334,446
335,837
336,352
337,540
338,303
339,402
340,380
341,405
342,660
343,589
344,924
345,908
346,294
347,680
348,337
349,448
350,785
351,209
352,902
353,503
354,855
355,942
356,262
357,477
358,320
359,176
360,251
361,606
362,580
363,900
364,354
365,746
366,773
367,109
368,92
369,600
370,629
371,561
372,801
373,859
374,231
375,367
376,581
377,659
378,72
379,515
380,991
381,151
382,456
383,53
384,142
385,974
386,36
387,328
388,32
389,496
390,568
391,851
392,221
393,111
394,156
395,759
396,820
397,743
398,235
399,170
400,121
401,174
402,572
403,724
404,817
405,228
406,390
407,42
408,284
409,466
410,356
411,603
412,403
413,783
414,190
415,93
416,132
417,516
418,748
419,371
420,719
421,437
422,77
423,583
424,39
425,771
426,347
427,702
428,708
429,445
430,535
431,838
432,408
433,909
434,396
435,806
436,576
437,744
438,232
439,922
440,577
441,981
442,47
443,536
444,158
445,957
446,421
447,412
448,919
449,49
450,642
451,305
452,998
453,865
454,429
455,670
456,84
457,980
458,689
459,45
460,877
461,696
462,330
463,799
464,933
465,494
466,178
467,487
468,370
469,363
470,505
471,369
472,283
473,823
474,778
475,722
476,387
477,521
478,401
479,67
480,323
481,913
482,758
483,649
484,809
485,227
486,832
487,545
488,424
489,734
490,712
491,578
492,52
493,171
494,35
495,881
496,651
497,229
498,597
499,630
500,766
501,929
502,40
503,527
504,510
505,246
506,13
507,160
508,71
509,721
510,257
511,546
512,553
513,609
514,715
515,956
516,920
517,681
518,979
519,694
520,674
521,613
522,55
523,626
524,647
525,925
526,306
527,104
528,781
529,896
530,73
531,163
532,918
533,765
534,282
535,378
536,866
537,220
538,113
539,537
540,210
541,665
542,450
543,720
544,442
545,154
546,17
547,416
548,430
549,69
550,949
551,961
552,238
553,895
554,948
555,148
556,863
557,379
558,878
559,584
560,926
561,891
562,353
563,162
564,636
565,85
566,614
567,761
568,308
569,302
570,90
571,687
572,532
573,395
574,452
575,7
576,137
577,318
578,159
579,464
580,899
581,860
582,622
583,706
584,940
585,100
586,914
587,19
588,798
589,134
590,489
591,427
592,329
593,480
594,610
595,298
596,286
597,304
598,66
599,366
600,498
601,233
602,125
603,150
604,969
605,263
606,385
607,800
608,399
609,945
610,9
611,519
612,239
613,376
614,691
615,56
616,266
617,661
618,213
619,530
620,172
621,598
622,953
623,186
624,774
625,621
626,345
627,44
628,784
629,177
630,716
631,816
632,261
633,754
634,954
635,672
636,738
637,461
638,732
639,678
640,700
641,101
642,574
643,861
644,122
645,975
646,222
647,935
648,808
649,541
650,37
651,615
652,83
653,485
654,214
655,905
656,272
657,930
658,350
659,343
660,887
661,340
662,20
663,249
664,240
665,183
666,287
667,440
668,413
669,11
670,316
671,756
672,910
673,517
674,828
675,51
676,10
677,94
678,62
679,787
680,392
681,398
682,234
683,237
684,133
685,78
686,735
687,730
688,548
689,43
690,393
691,795
692,138
693,384
694,753
695,359
696,95
697,355
698,627
699,939
700,705
701,747
702,490
703,804
704,267
705,281
706,709
707,547
708,682
709,167
710,886
711,196
712,870
713,558
714,946
715,474
716,127
717,780
718,126
719,180
720,428
721,529
722,906
723,383
724,595
725,482
726,653
727,514
728,755
729,460
730,971
731,663
732,431
733,114
734,82
735,645
736,883
737,397
738,972
739,846
740,349
741,193
742,38
743,386
744,143
745,224
746,915
747,563
748,418
749,277
750,243
751,307
752,236
753,454
754,479
755,168
756,839
757,116
758,202
759,740
760,617
761,187
762,782
763,205
764,198
765,268
766,726
767,763
768,468
769,325
770,592
771,711
772,812
773,290
774,805
775,293
776,484
777,511
778,258
779,400
780,587
781,74
782,88
783,495
784,292
785,695
786,434
787,1
788,644
789,934
790,821
791,779
792,226
793,256
794,271
795,197
796,406
797,857
798,212
799,911
800,493
801,141
802,68
803,128
804,683
805,550
806,473
807,965
808,679
809,253
810,690
811,346
812,873
813,796
814,140
815,551
816,46
817,317
818,944
819,509
820,797
821,736
822,135
823,570
824,475
825,842
826,463
827,586
828,8
829,638
830,872
831,658
832,332
833,358
834,898
835,414
836,4
837,966
838,844
839,742
840,204
841,455
842,360
843,389
844,296
845,472
846,892
847,419
848,64
849,729
850,107
851,106
852,923
853,728
854,98
855,788
856,21
857,569
858,656
859,849
860,26
861,921
862,962
863,29
864,368
865,24
866,23
867,571
868,879
869,737
870,543
871,124
872,425
873,245
874,336
875,344
876,391
877,752
878,327
879,16
880,947
881,57
882,524
883,338
884,531
885,770
886,745
887,620
888,274
889,157
890,422
891,471
892,364
893,6
894,725
895,331
896,588
897,335
898,48
899,301
900,528
901,409
902,608
903,404
904,207
905,28
906,741
907,790
908,451
909,850
910,438
911,312
912,309
913,693
914,950
915,989
916,491
917,703
918,641
919,671
920,315
921,457
922,361
923,829
924,362
925,80
926,834
927,564
928,590
929,25
930,867
931,112
932,794
933,79
934,654
935,669
936,591
937,165
938,173
939,582
940,139
941,41
942,250
943,567
944,826
945,208
946,300
947,841
948,164
949,852
950,941
951,936
952,825
953,507
954,977
955,76
956,152
957,869
958,182
959,223
960,375
961,374
962,373
963,607
964,50
965,443
966,718
967,351
968,199
969,585
970,699
971,575
972,750
973,270
974,751
975,423
976,417
977,973
978,191
979,388
980,959
981,289
982,688
983,917
984,411
985,984
986,704
987,676
988,314
989,868
990,810
991,888
992,108
993,625
994,749
995,995
996,884
997,964
998,772
999,655
1000,875
